[{"model": "auth.permission", "pk": 1, "fields": {"name": "Can add log entry", "content_type": 1, "codename": "add_logentry"}}, {"model": "auth.permission", "pk": 2, "fields": {"name": "Can change log entry", "content_type": 1, "codename": "change_logentry"}}, {"model": "auth.permission", "pk": 3, "fields": {"name": "Can delete log entry", "content_type": 1, "codename": "delete_logentry"}}, {"model": "auth.permission", "pk": 4, "fields": {"name": "Can view log entry", "content_type": 1, "codename": "view_logentry"}}, {"model": "auth.permission", "pk": 5, "fields": {"name": "Can add permission", "content_type": 2, "codename": "add_permission"}}, {"model": "auth.permission", "pk": 6, "fields": {"name": "Can change permission", "content_type": 2, "codename": "change_permission"}}, {"model": "auth.permission", "pk": 7, "fields": {"name": "Can delete permission", "content_type": 2, "codename": "delete_permission"}}, {"model": "auth.permission", "pk": 8, "fields": {"name": "Can view permission", "content_type": 2, "codename": "view_permission"}}, {"model": "auth.permission", "pk": 9, "fields": {"name": "Can add group", "content_type": 3, "codename": "add_group"}}, {"model": "auth.permission", "pk": 10, "fields": {"name": "Can change group", "content_type": 3, "codename": "change_group"}}, {"model": "auth.permission", "pk": 11, "fields": {"name": "Can delete group", "content_type": 3, "codename": "delete_group"}}, {"model": "auth.permission", "pk": 12, "fields": {"name": "Can view group", "content_type": 3, "codename": "view_group"}}, {"model": "auth.permission", "pk": 13, "fields": {"name": "Can add user", "content_type": 4, "codename": "add_user"}}, {"model": "auth.permission", "pk": 14, "fields": {"name": "Can change user", "content_type": 4, "codename": "change_user"}}, {"model": "auth.permission", "pk": 15, "fields": {"name": "Can delete user", "content_type": 4, "codename": "delete_user"}}, {"model": "auth.permission", "pk": 16, "fields": {"name": "Can view user", "content_type": 4, "codename": "view_user"}}, {"model": "auth.permission", "pk": 17, "fields": {"name": "Can add content type", "content_type": 5, "codename": "add_contenttype"}}, {"model": "auth.permission", "pk": 18, "fields": {"name": "Can change content type", "content_type": 5, "codename": "change_contenttype"}}, {"model": "auth.permission", "pk": 19, "fields": {"name": "Can delete content type", "content_type": 5, "codename": "delete_contenttype"}}, {"model": "auth.permission", "pk": 20, "fields": {"name": "Can view content type", "content_type": 5, "codename": "view_contenttype"}}, {"model": "auth.permission", "pk": 21, "fields": {"name": "Can add session", "content_type": 6, "codename": "add_session"}}, {"model": "auth.permission", "pk": 22, "fields": {"name": "Can change session", "content_type": 6, "codename": "change_session"}}, {"model": "auth.permission", "pk": 23, "fields": {"name": "Can delete session", "content_type": 6, "codename": "delete_session"}}, {"model": "auth.permission", "pk": 24, "fields": {"name": "Can view session", "content_type": 6, "codename": "view_session"}}, {"model": "auth.permission", "pk": 25, "fields": {"name": "Can add site", "content_type": 7, "codename": "add_site"}}, {"model": "auth.permission", "pk": 26, "fields": {"name": "Can change site", "content_type": 7, "codename": "change_site"}}, {"model": "auth.permission", "pk": 27, "fields": {"name": "Can delete site", "content_type": 7, "codename": "delete_site"}}, {"model": "auth.permission", "pk": 28, "fields": {"name": "Can view site", "content_type": 7, "codename": "view_site"}}, {"model": "auth.permission", "pk": 29, "fields": {"name": "Can add email address", "content_type": 8, "codename": "add_emailaddress"}}, {"model": "auth.permission", "pk": 30, "fields": {"name": "Can change email address", "content_type": 8, "codename": "change_emailaddress"}}, {"model": "auth.permission", "pk": 31, "fields": {"name": "Can delete email address", "content_type": 8, "codename": "delete_emailaddress"}}, {"model": "auth.permission", "pk": 32, "fields": {"name": "Can view email address", "content_type": 8, "codename": "view_emailaddress"}}, {"model": "auth.permission", "pk": 33, "fields": {"name": "Can add email confirmation", "content_type": 9, "codename": "add_emailconfirmation"}}, {"model": "auth.permission", "pk": 34, "fields": {"name": "Can change email confirmation", "content_type": 9, "codename": "change_emailconfirmation"}}, {"model": "auth.permission", "pk": 35, "fields": {"name": "Can delete email confirmation", "content_type": 9, "codename": "delete_emailconfirmation"}}, {"model": "auth.permission", "pk": 36, "fields": {"name": "Can view email confirmation", "content_type": 9, "codename": "view_emailconfirmation"}}, {"model": "auth.permission", "pk": 37, "fields": {"name": "Can add social account", "content_type": 10, "codename": "add_socialaccount"}}, {"model": "auth.permission", "pk": 38, "fields": {"name": "Can change social account", "content_type": 10, "codename": "change_socialaccount"}}, {"model": "auth.permission", "pk": 39, "fields": {"name": "Can delete social account", "content_type": 10, "codename": "delete_socialaccount"}}, {"model": "auth.permission", "pk": 40, "fields": {"name": "Can view social account", "content_type": 10, "codename": "view_socialaccount"}}, {"model": "auth.permission", "pk": 41, "fields": {"name": "Can add social application", "content_type": 11, "codename": "add_socialapp"}}, {"model": "auth.permission", "pk": 42, "fields": {"name": "Can change social application", "content_type": 11, "codename": "change_socialapp"}}, {"model": "auth.permission", "pk": 43, "fields": {"name": "Can delete social application", "content_type": 11, "codename": "delete_socialapp"}}, {"model": "auth.permission", "pk": 44, "fields": {"name": "Can view social application", "content_type": 11, "codename": "view_socialapp"}}, {"model": "auth.permission", "pk": 45, "fields": {"name": "Can add social application token", "content_type": 12, "codename": "add_socialtoken"}}, {"model": "auth.permission", "pk": 46, "fields": {"name": "Can change social application token", "content_type": 12, "codename": "change_socialtoken"}}, {"model": "auth.permission", "pk": 47, "fields": {"name": "Can delete social application token", "content_type": 12, "codename": "delete_socialtoken"}}, {"model": "auth.permission", "pk": 48, "fields": {"name": "Can view social application token", "content_type": 12, "codename": "view_socialtoken"}}, {"model": "auth.permission", "pk": 49, "fields": {"name": "Can add article type", "content_type": 13, "codename": "add_articletype"}}, {"model": "auth.permission", "pk": 50, "fields": {"name": "Can change article type", "content_type": 13, "codename": "change_articletype"}}, {"model": "auth.permission", "pk": 51, "fields": {"name": "Can delete article type", "content_type": 13, "codename": "delete_articletype"}}, {"model": "auth.permission", "pk": 52, "fields": {"name": "Can view article type", "content_type": 13, "codename": "view_articletype"}}, {"model": "auth.permission", "pk": 53, "fields": {"name": "Can add gender", "content_type": 14, "codename": "add_gender"}}, {"model": "auth.permission", "pk": 54, "fields": {"name": "Can change gender", "content_type": 14, "codename": "change_gender"}}, {"model": "auth.permission", "pk": 55, "fields": {"name": "Can delete gender", "content_type": 14, "codename": "delete_gender"}}, {"model": "auth.permission", "pk": 56, "fields": {"name": "Can view gender", "content_type": 14, "codename": "view_gender"}}, {"model": "auth.permission", "pk": 57, "fields": {"name": "Can add master category", "content_type": 15, "codename": "add_mastercategory"}}, {"model": "auth.permission", "pk": 58, "fields": {"name": "Can change master category", "content_type": 15, "codename": "change_mastercategory"}}, {"model": "auth.permission", "pk": 59, "fields": {"name": "Can delete master category", "content_type": 15, "codename": "delete_mastercategory"}}, {"model": "auth.permission", "pk": 60, "fields": {"name": "Can view master category", "content_type": 15, "codename": "view_mastercategory"}}, {"model": "auth.permission", "pk": 61, "fields": {"name": "Can add sub category", "content_type": 16, "codename": "add_subcategory"}}, {"model": "auth.permission", "pk": 62, "fields": {"name": "Can change sub category", "content_type": 16, "codename": "change_subcategory"}}, {"model": "auth.permission", "pk": 63, "fields": {"name": "Can delete sub category", "content_type": 16, "codename": "delete_subcategory"}}, {"model": "auth.permission", "pk": 64, "fields": {"name": "Can view sub category", "content_type": 16, "codename": "view_subcategory"}}, {"model": "auth.permission", "pk": 65, "fields": {"name": "Can add product", "content_type": 17, "codename": "add_product"}}, {"model": "auth.permission", "pk": 66, "fields": {"name": "Can change product", "content_type": 17, "codename": "change_product"}}, {"model": "auth.permission", "pk": 67, "fields": {"name": "Can delete product", "content_type": 17, "codename": "delete_product"}}, {"model": "auth.permission", "pk": 68, "fields": {"name": "Can view product", "content_type": 17, "codename": "view_product"}}, {"model": "contenttypes.contenttype", "pk": 1, "fields": {"app_label": "admin", "model": "logentry"}}, {"model": "contenttypes.contenttype", "pk": 2, "fields": {"app_label": "auth", "model": "permission"}}, {"model": "contenttypes.contenttype", "pk": 3, "fields": {"app_label": "auth", "model": "group"}}, {"model": "contenttypes.contenttype", "pk": 4, "fields": {"app_label": "auth", "model": "user"}}, {"model": "contenttypes.contenttype", "pk": 5, "fields": {"app_label": "contenttypes", "model": "contenttype"}}, {"model": "contenttypes.contenttype", "pk": 6, "fields": {"app_label": "sessions", "model": "session"}}, {"model": "contenttypes.contenttype", "pk": 7, "fields": {"app_label": "sites", "model": "site"}}, {"model": "contenttypes.contenttype", "pk": 8, "fields": {"app_label": "account", "model": "emailaddress"}}, {"model": "contenttypes.contenttype", "pk": 9, "fields": {"app_label": "account", "model": "emailconfirmation"}}, {"model": "contenttypes.contenttype", "pk": 10, "fields": {"app_label": "socialaccount", "model": "socialaccount"}}, {"model": "contenttypes.contenttype", "pk": 11, "fields": {"app_label": "socialaccount", "model": "socialapp"}}, {"model": "contenttypes.contenttype", "pk": 12, "fields": {"app_label": "socialaccount", "model": "socialtoken"}}, {"model": "contenttypes.contenttype", "pk": 13, "fields": {"app_label": "products", "model": "articletype"}}, {"model": "contenttypes.contenttype", "pk": 14, "fields": {"app_label": "products", "model": "gender"}}, {"model": "contenttypes.contenttype", "pk": 15, "fields": {"app_label": "products", "model": "mastercategory"}}, {"model": "contenttypes.contenttype", "pk": 16, "fields": {"app_label": "products", "model": "subcategory"}}, {"model": "contenttypes.contenttype", "pk": 17, "fields": {"app_label": "products", "model": "product"}}, {"model": "sessions.session", "pk": "atu5byd6yyxjcz29d74wu3iv3r6se2m2", "fields": {"session_data": "eyJjYXJ0Ijp7IjE4NyI6MTF9fQ:1ldY1y:c-VVSjBxaFjYBZp2S77f38COh1pJssNiGy-XW7xVeQw", "expire_date": "2021-05-17T12:50:34.156Z"}}, {"model": "sites.site", "pk": 1, "fields": {"domain": "example.com", "name": "example.com"}}, {"model": "products.gender", "pk": 1, "fields": {"name": "men", "display_name": "Men"}}, {"model": "products.gender", "pk": 2, "fields": {"name": "women", "display_name": "Women"}}, {"model": "products.gender", "pk": 3, "fields": {"name": "unisex", "display_name": "Unisex"}}, {"model": "products.gender", "pk": 4, "fields": {"name": "boys", "display_name": "Boys"}}, {"model": "products.gender", "pk": 5, "fields": {"name": "girls", "display_name": "Girls"}}, {"model": "products.articletype", "pk": 1, "fields": {"name": "backpacks", "display_name": "Backpacks"}}, {"model": "products.articletype", "pk": 2, "fields": {"name": "basketballs", "display_name": "Basketballs"}}, {"model": "products.articletype", "pk": 3, "fields": {"name": "capris", "display_name": "Capris"}}, {"model": "products.articletype", "pk": 4, "fields": {"name": "caps", "display_name": "Caps"}}, {"model": "products.articletype", "pk": 5, "fields": {"name": "casual_shoes", "display_name": "Casual Shoes"}}, {"model": "products.articletype", "pk": 6, "fields": {"name": "duffel_bag", "display_name": "Duffel Bag"}}, {"model": "products.articletype", "pk": 7, "fields": {"name": "flip_flops", "display_name": "Flip Flops"}}, {"model": "products.articletype", "pk": 8, "fields": {"name": "footballs", "display_name": "Footballs"}}, {"model": "products.articletype", "pk": 9, "fields": {"name": "handbags", "display_name": "Handbags"}}, {"model": "products.articletype", "pk": 10, "fields": {"name": "sandals", "display_name": "Sandals"}}, {"model": "products.articletype", "pk": 11, "fields": {"name": "shorts", "display_name": "Shorts"}}, {"model": "products.articletype", "pk": 12, "fields": {"name": "socks", "display_name": "Socks"}}, {"model": "products.articletype", "pk": 13, "fields": {"name": "sports_shoes", "display_name": "Sports Shoes"}}, {"model": "products.articletype", "pk": 14, "fields": {"name": "water_bottle", "display_name": "Water Bottle"}}, {"model": "products.articletype", "pk": 15, "fields": {"name": "sweatshirts", "display_name": "Sweatshirts"}}, {"model": "products.articletype", "pk": 16, "fields": {"name": "swimwear", "display_name": "Swimwear"}}, {"model": "products.articletype", "pk": 17, "fields": {"name": "tops", "display_name": "Tops"}}, {"model": "products.articletype", "pk": 18, "fields": {"name": "track_pants", "display_name": "Track Pants"}}, {"model": "products.articletype", "pk": 19, "fields": {"name": "tshirts", "display_name": "T-Shirts"}}, {"model": "products.mastercategory", "pk": 1, "fields": {"name": "accessories", "display_name": "Accessories"}}, {"model": "products.mastercategory", "pk": 2, "fields": {"name": "apparel", "display_name": "Apparel"}}, {"model": "products.mastercategory", "pk": 3, "fields": {"name": "footwear", "display_name": "Footwear"}}, {"model": "products.mastercategory", "pk": 4, "fields": {"name": "sporting_goods", "display_name": "Sporting Goods"}}, {"model": "products.subcategory", "pk": 1, "fields": {"name": "accessories", "display_name": "Accessories"}}, {"model": "products.subcategory", "pk": 2, "fields": {"name": "apparel_set", "display_name": "Apparel Set"}}, {"model": "products.subcategory", "pk": 3, "fields": {"name": "bags", "display_name": "Bags"}}, {"model": "products.subcategory", "pk": 4, "fields": {"name": "bottomwear", "display_name": "Bottomwear"}}, {"model": "products.subcategory", "pk": 5, "fields": {"name": "flip_flops", "display_name": "Flip Flops"}}, {"model": "products.subcategory", "pk": 6, "fields": {"name": "headwear", "display_name": "Headwear"}}, {"model": "products.subcategory", "pk": 7, "fields": {"name": "sandals", "display_name": "Sandals"}}, {"model": "products.subcategory", "pk": 8, "fields": {"name": "shoes", "display_name": "Shoes"}}, {"model": "products.subcategory", "pk": 9, "fields": {"name": "socks", "display_name": "Socks"}}, {"model": "products.subcategory", "pk": 10, "fields": {"name": "sports_equipment", "display_name": "Sports Equipment"}}, {"model": "products.subcategory", "pk": 11, "fields": {"name": "topwear", "display_name": "Topwear"}}, {"model": "products.subcategory", "pk": 12, "fields": {"name": "water_bottle", "display_name": "Water Bottle"}}, {"model": "products.product", "pk": 1, "fields": {"price": "12.47", "discount_price": "11.22", "sku": "6814201", "name": "Big Cat Backpack", "product_description": "Puma Big Cat Backpack Black", "sizes": false, "gender": 3, "master_category": 1, "sub_category": 3, "article_type": 1, "image": "1526.jpg"}}, {"model": "products.product", "pk": 2, "fields": {"price": "33.59", "discount_price": "30.23", "sku": "10186701", "name": "Ballistic Rubber Shoe", "product_description": "Puma Men's Ballistic Rubber Shoe", "sizes": true, "gender": 1, "master_category": 3, "sub_category": 8, "article_type": 13, "image": "1542.jpg"}}, {"model": "products.product", "pk": 3, "fields": {"price": "9.59", "discount_price": "8.63", "sku": "8149001", "name": "Trainer-WBL Football", "product_description": "Puma Cat Trainer-WBL Football", "sizes": false, "gender": 3, "master_category": 4, "sub_category": 10, "article_type": 8, "image": "1550.jpg"}}, {"model": "products.product", "pk": 4, "fields": {"price": "9.59", "discount_price": "8.63", "sku": "8149002", "name": "Trainer-OB Football", "product_description": "Puma Power Cat Trainer-OB Football", "sizes": false, "gender": 3, "master_category": 4, "sub_category": 10, "article_type": 8, "image": "1551.jpg"}}, {"model": "products.product", "pk": 5, "fields": {"price": "9.59", "discount_price": "8.63", "sku": "8149004", "name": "Trainer-WR Football", "product_description": "Puma Power Cat Trainer-WR Football", "sizes": false, "gender": 3, "master_category": 4, "sub_category": 10, "article_type": 8, "image": "1552.jpg"}}, {"model": "products.product", "pk": 6, "fields": {"price": "9.59", "discount_price": "8.63", "sku": "8140904", "name": "Hard Ground Football", "product_description": "Puma Power Cat Hard Ground Football", "sizes": false, "gender": 3, "master_category": 4, "sub_category": 10, "article_type": 8, "image": "1553.jpg"}}, {"model": "products.product", "pk": 7, "fields": {"price": "2.39", "discount_price": "2.15", "sku": "573579", "name": "Blue Sipper", "product_description": "Quechua  Blue Sipper", "sizes": false, "gender": 3, "master_category": 1, "sub_category": 12, "article_type": 14, "image": "1554.jpg"}}, {"model": "products.product", "pk": 8, "fields": {"price": "4.99", "discount_price": "4.50", "sku": "573581", "name": "Red Sipper", "product_description": "Quechua Red Sipper", "sizes": false, "gender": 3, "master_category": 1, "sub_category": 12, "article_type": 14, "image": "1555.jpg"}}, {"model": "products.product", "pk": 9, "fields": {"price": "6.75", "discount_price": "6.05", "sku": "969536", "name": "Blue Water Bottle", "product_description": "Quechua Easy-to-Carry Blue Water Bottle", "sizes": false, "gender": 3, "master_category": 1, "sub_category": 12, "article_type": 14, "image": "1558.jpg"}}, {"model": "products.product", "pk": 10, "fields": {"price": "9.59", "discount_price": "8.63", "sku": "1262117", "name": "Black Tennis Shorts", "product_description": "Artengo Men Black Tennis Shorts", "sizes": true, "gender": 1, "master_category": 2, "sub_category": 4, "article_type": 11, "image": "1569.jpg"}}, {"model": "products.product", "pk": 11, "fields": {"price": "11.50", "discount_price": "10.35", "sku": "1096645", "name": "Super Soft Sports Shoes", "product_description": "Kalenji Men's Super Soft Sports Shoes", "sizes": true, "gender": 1, "master_category": 3, "sub_category": 8, "article_type": 13, "image": "1571.jpg"}}, {"model": "products.product", "pk": 12, "fields": {"price": "9.99", "discount_price": "8.65", "sku": "1255123", "name": "Athletes Grey Track Pants", "product_description": "Kalenji Women Athletes Grey Track Pants", "sizes": true, "gender": 2, "master_category": 2, "sub_category": 4, "article_type": 18, "image": "1573.jpg"}}, {"model": "products.product", "pk": 13, "fields": {"price": "20.99", "discount_price": "18.99", "sku": "1123382", "name": "Superfit Football White Shoe", "product_description": "Kipsta Men Superfit Football White Shoe", "sizes": true, "gender": 1, "master_category": 3, "sub_category": 8, "article_type": 13, "image": "1587.jpg"}}, {"model": "products.product", "pk": 14, "fields": {"price": "14.39", "discount_price": "12.95", "sku": "1128768", "name": "F300 Soccer Shoe", "product_description": "Kipsta Men's F300 Football Shoe", "sizes": true, "gender": 1, "master_category": 3, "sub_category": 8, "article_type": 13, "image": "1590.jpg"}}, {"model": "products.product", "pk": 15, "fields": {"price": "5.75", "discount_price": "5.18", "sku": "1220858", "name": "Mesh Light-weight Shoe", "product_description": "Newfeel Unisex Grey Mesh Lightweight Shoe", "sizes": true, "gender": 3, "master_category": 3, "sub_category": 8, "article_type": 5, "image": "1594.jpg"}}, {"model": "products.product", "pk": 16, "fields": {"price": "6.75", "discount_price": "6.00", "sku": "969542", "name": "Pink Sipper", "product_description": "Quechua Easy-to-Carry Pink Sipper", "sizes": false, "gender": 1, "master_category": 1, "sub_category": 12, "article_type": 14, "image": "1596.jpg"}}, {"model": "products.product", "pk": 17, "fields": {"price": "14.50", "discount_price": "12.95", "sku": "I10360", "name": "trackpant- female", "product_description": "Reebok Track Pants Women Blue", "sizes": true, "gender": 2, "master_category": 2, "sub_category": 4, "article_type": 18, "image": "1604.jpg"}}, {"model": "products.product", "pk": 18, "fields": {"price": "14.50", "discount_price": "12.95", "sku": "I10365", "name": "trackpant- female", "product_description": "Reebok Black Track Pant", "sizes": true, "gender": 2, "master_category": 2, "sub_category": 4, "article_type": 18, "image": "1605.jpg"}}, {"model": "products.product", "pk": 19, "fields": {"price": "14.50", "discount_price": "12.95", "sku": "I19733", "name": "trackpant- male", "product_description": "Reebok Men trackpant- male Track Pants", "sizes": true, "gender": 1, "master_category": 2, "sub_category": 4, "article_type": 18, "image": "1607.jpg"}}, {"model": "products.product", "pk": 20, "fields": {"price": "14.50", "discount_price": "12.95", "sku": "I19732", "name": "trackpant- male", "product_description": "Reebok Track Pants Jet Black", "sizes": true, "gender": 1, "master_category": 2, "sub_category": 4, "article_type": 18, "image": "1608.jpg"}}, {"model": "products.product", "pk": 21, "fields": {"price": "8.99", "discount_price": "7.77", "sku": "I25912", "name": "Micro Shorts", "product_description": "Reebok Men Micro Shorts Grey and White", "sizes": true, "gender": 1, "master_category": 2, "sub_category": 4, "article_type": 11, "image": "1619.jpg"}}, {"model": "products.product", "pk": 22, "fields": {"price": "11.99", "discount_price": "10.50", "sku": "I16197", "name": "Red Bag", "product_description": "Reebok Unisex Red Backpack", "sizes": false, "gender": 3, "master_category": 1, "sub_category": 3, "article_type": 1, "image": "1623.jpg"}}, {"model": "products.product", "pk": 23, "fields": {"price": "14.99", "discount_price": "12.95", "sku": "R406192", "name": "silver/grey bag", "product_description": "Reebok Silver-Black Laptop Backpack", "sizes": false, "gender": 3, "master_category": 1, "sub_category": 3, "article_type": 1, "image": "1624.jpg"}}, {"model": "products.product", "pk": 24, "fields": {"price": "5.99", "discount_price": "5.50", "sku": "1128498", "name": "F300 Football Size 55", "product_description": "Kipsta F300 Football Size 5 Football", "sizes": false, "gender": 3, "master_category": 4, "sub_category": 10, "article_type": 8, "image": "1626.jpg"}}, {"model": "products.product", "pk": 25, "fields": {"price": "9.99", "discount_price": "6.75", "sku": "1128500", "name": "F300 Football", "product_description": "Kipsta F300 Football", "sizes": false, "gender": 3, "master_category": 4, "sub_category": 10, "article_type": 8, "image": "1627.jpg"}}, {"model": "products.product", "pk": 26, "fields": {"price": "9.99", "discount_price": "9.00", "sku": "1198296", "name": "Xtra Bounce Basketball", "product_description": "Kipsta Xtra Bounce Basketball", "sizes": false, "gender": 3, "master_category": 4, "sub_category": 10, "article_type": 2, "image": "1628.jpg"}}, {"model": "products.product", "pk": 27, "fields": {"price": "43.50", "discount_price": "38.99", "sku": "1198065", "name": "Water repellent Canaverals", "product_description": "Inesis Water Repellent Canaveral Shoes", "sizes": true, "gender": 1, "master_category": 3, "sub_category": 8, "article_type": 13, "image": "1634.jpg"}}, {"model": "products.product", "pk": 28, "fields": {"price": "5.75", "discount_price": "5.18", "sku": "1220757", "name": "Newfeel Comfy Shoes", "product_description": "Newfeel Unisex Red Comfy Shoes", "sizes": true, "gender": 3, "master_category": 3, "sub_category": 8, "article_type": 5, "image": "1635.jpg"}}, {"model": "products.product", "pk": 29, "fields": {"price": "45.99", "discount_price": "40.99", "sku": "315713-161", "name": "Air Zoom Century", "product_description": "Nike Men Air Zoom Century Shoes", "sizes": true, "gender": 1, "master_category": 3, "sub_category": 8, "article_type": 13, "image": "1636.jpg"}}, {"model": "products.product", "pk": 30, "fields": {"price": "5.39", "discount_price": "5.15", "sku": "247109", "name": "swimming Goggles", "product_description": "Nabaiji Swimming Goggles Blue Black", "sizes": true, "gender": 3, "master_category": 2, "sub_category": 4, "article_type": 16, "image": "1638.jpg"}}, {"model": "products.product", "pk": 31, "fields": {"price": "44.15", "discount_price": "39.75", "sku": "J20758", "name": "Hex Run Pure Silver Shoe", "product_description": "Reebok Men's Hex Run Pure Silver Shoe", "sizes": true, "gender": 1, "master_category": 3, "sub_category": 8, "article_type": 13, "image": "1641.jpg"}}, {"model": "products.product", "pk": 32, "fields": {"price": "34.55", "discount_price": "31.15", "sku": "R953408", "name": "Men Winning Stride Shoe", "product_description": "Reebok Men Winning Stride White Red", "sizes": true, "gender": 1, "master_category": 3, "sub_category": 8, "article_type": 13, "image": "1642.jpg"}}, {"model": "products.product", "pk": 33, "fields": {"price": "12.99", "discount_price": "12.50", "sku": "1212439", "name": "Ultralight Backpack 16 ltr", "product_description": "Quechua Unisex Ultralight 16 Ltr Green Backpack", "sizes": false, "gender": 3, "master_category": 1, "sub_category": 3, "article_type": 1, "image": "1647.jpg"}}, {"model": "products.product", "pk": 34, "fields": {"price": "5.75", "discount_price": "5.18", "sku": "1220720", "name": "Newfeel Comfy Shoes", "product_description": "Newfeel Unisex Comfy Cool Blue Shoe", "sizes": true, "gender": 3, "master_category": 3, "sub_category": 8, "article_type": 5, "image": "1649.jpg"}}, {"model": "products.product", "pk": 35, "fields": {"price": "34.55", "discount_price": "31.15", "sku": "V57336", "name": "Frisker LP Shoe", "product_description": "Reebok Men's Frisker LP Shoe", "sizes": true, "gender": 1, "master_category": 3, "sub_category": 8, "article_type": 13, "image": "1654.jpg"}}, {"model": "products.product", "pk": 36, "fields": {"price": "5.75", "discount_price": "5.18", "sku": "1220666", "name": "NewFeel- Shoes Black", "product_description": "Newfeel Unisex Black Lightweight Shoes", "sizes": true, "gender": 3, "master_category": 3, "sub_category": 8, "article_type": 5, "image": "1727.jpg"}}, {"model": "products.product", "pk": 37, "fields": {"price": "5.75", "discount_price": "5.18", "sku": "1220762", "name": "Newfeel Unisex Green Sports Shoes", "product_description": "Newfeel Unisex Green Sports Shoes", "sizes": true, "gender": 3, "master_category": 3, "sub_category": 8, "article_type": 13, "image": "1728.jpg"}}, {"model": "products.product", "pk": 38, "fields": {"price": "5.75", "discount_price": "5.18", "sku": "1220846", "name": "Newfeel- Shoes White", "product_description": "Newfeel Unisex White Shoes", "sizes": true, "gender": 3, "master_category": 3, "sub_category": 8, "article_type": 5, "image": "1729.jpg"}}, {"model": "products.product", "pk": 39, "fields": {"price": "34.55", "discount_price": "31.15", "sku": "V57352", "name": "Frisker Shoe", "product_description": "Reebok Women Black Pink Frisker Shoe", "sizes": true, "gender": 2, "master_category": 3, "sub_category": 8, "article_type": 13, "image": "1730.jpg"}}, {"model": "products.product", "pk": 40, "fields": {"price": "34.55", "discount_price": "31.15", "sku": "V57353", "name": "Frisker Shoe", "product_description": "Reebok Women White Blue Frisker Shoes", "sizes": true, "gender": 2, "master_category": 3, "sub_category": 8, "article_type": 13, "image": "1731.jpg"}}, {"model": "products.product", "pk": 41, "fields": {"price": "17.99", "discount_price": "15.99", "sku": "AR 0733", "name": "Melbourne White-Red Shoe", "product_description": "Lotto Men's Melbourne White-Red Shoe", "sizes": true, "gender": 1, "master_category": 3, "sub_category": 8, "article_type": 13, "image": "1784.jpg"}}, {"model": "products.product", "pk": 42, "fields": {"price": "14.99", "discount_price": "12.95", "sku": "AR 0891", "name": "Brighton White-Blue Shoe", "product_description": "Lotto Men Brighton White-Blue Shoe", "sizes": true, "gender": 1, "master_category": 3, "sub_category": 8, "article_type": 13, "image": "1785.jpg"}}, {"model": "products.product", "pk": 43, "fields": {"price": "17.99", "discount_price": "15.99", "sku": "AT 0871", "name": "Court Logo White Shoe", "product_description": "Lotto Men's Court Logo White Shoe", "sizes": true, "gender": 1, "master_category": 3, "sub_category": 8, "article_type": 13, "image": "1786.jpg"}}, {"model": "products.product", "pk": 44, "fields": {"price": "15.99", "discount_price": "13.99", "sku": "AT 0881", "name": "Court White-Blue Shoe", "product_description": "Lotto Men's Court-White-Blue Shoe", "sizes": true, "gender": 1, "master_category": 3, "sub_category": 8, "article_type": 13, "image": "1788.jpg"}}, {"model": "products.product", "pk": 45, "fields": {"price": "10.99", "discount_price": "9.50", "sku": "H-5610", "name": "OSLO Grey-Orange Shoe", "product_description": "Lotto Men OSLO Grey-Orange Shoe", "sizes": true, "gender": 1, "master_category": 3, "sub_category": 8, "article_type": 13, "image": "1789.jpg"}}, {"model": "products.product", "pk": 46, "fields": {"price": "3.99", "discount_price": "3.45", "sku": "1101018", "name": "10L Black Bag", "product_description": "Quechua Arpenaz 10L Black Bag", "sizes": false, "gender": 3, "master_category": 1, "sub_category": 3, "article_type": 1, "image": "1791.jpg"}}, {"model": "products.product", "pk": 47, "fields": {"price": "11.99", "discount_price": "10.99", "sku": "1180726", "name": "Marine Blue Bag", "product_description": "Newfeel Marine Blue Bag", "sizes": false, "gender": 3, "master_category": 1, "sub_category": 3, "article_type": 1, "image": "1792.jpg"}}, {"model": "products.product", "pk": 48, "fields": {"price": "4.79", "discount_price": "4.31", "sku": "1101026", "name": "10L Green Bag", "product_description": "Quechua Limeted-Edition Arpenaz 10L Green Bag", "sizes": false, "gender": 3, "master_category": 1, "sub_category": 3, "article_type": 1, "image": "1793.jpg"}}, {"model": "products.product", "pk": 49, "fields": {"price": "11.99", "discount_price": "10.99", "sku": "1180705", "name": "22L Brown Bag", "product_description": "Newfeel Brown 22L Bag", "sizes": false, "gender": 3, "master_category": 1, "sub_category": 3, "article_type": 1, "image": "1794.jpg"}}, {"model": "products.product", "pk": 50, "fields": {"price": "9.99", "discount_price": "8.99", "sku": "1180724", "name": "22L Black Bag", "product_description": "Newfeel 22L Black Bag", "sizes": false, "gender": 1, "master_category": 1, "sub_category": 3, "article_type": 1, "image": "1795.jpg"}}, {"model": "products.product", "pk": 51, "fields": {"price": "13.99", "discount_price": "11.45", "sku": "1212401", "name": "Black Solid Backpack", "product_description": "Quechua Unisex Black Solid Backpack", "sizes": false, "gender": 3, "master_category": 1, "sub_category": 3, "article_type": 1, "image": "1800.jpg"}}, {"model": "products.product", "pk": 52, "fields": {"price": "4.99", "discount_price": "4.39", "sku": "1212396", "name": "10L Pink Bag", "product_description": "Quechua Women 10L Pink Bag", "sizes": false, "gender": 2, "master_category": 1, "sub_category": 3, "article_type": 1, "image": "1801.jpg"}}, {"model": "products.product", "pk": 53, "fields": {"price": "5.75", "discount_price": "5.18", "sku": "684159", "name": "Baggy Black Shorts", "product_description": "Kalenji Men Essential Baggy Black Shorts", "sizes": true, "gender": 1, "master_category": 2, "sub_category": 4, "article_type": 11, "image": "1804.jpg"}}, {"model": "products.product", "pk": 54, "fields": {"price": "6.99", "discount_price": "6.05", "sku": "1212497", "name": "Print Water Bottle", "product_description": "Quechua Aluminium Print Water Bottle", "sizes": false, "gender": 3, "master_category": 1, "sub_category": 12, "article_type": 14, "image": "1808.jpg"}}, {"model": "products.product", "pk": 55, "fields": {"price": "28.99", "discount_price": "25.99", "sku": "415375-101", "name": "Downshifter White/Blue Shoe", "product_description": "Nike Men's Downshifter White/Blue Shoe", "sizes": true, "gender": 1, "master_category": 3, "sub_category": 8, "article_type": 13, "image": "1827.jpg"}}, {"model": "products.product", "pk": 56, "fields": {"price": "31.99", "discount_price": "28.99", "sku": "397071-100", "name": "Air Afterburner Shoe", "product_description": "Nike Men's Air Afterburner Shoe", "sizes": true, "gender": 1, "master_category": 3, "sub_category": 8, "article_type": 13, "image": "1828.jpg"}}, {"model": "products.product", "pk": 57, "fields": {"price": "24.99", "discount_price": "22.99", "sku": "397074-001", "name": "Air Impetus Shoe", "product_description": "Nike Men's Air Impetus Shoe", "sizes": true, "gender": 1, "master_category": 3, "sub_category": 8, "article_type": 13, "image": "1831.jpg"}}, {"model": "products.product", "pk": 58, "fields": {"price": "49.99", "discount_price": "44.99", "sku": "386365-006", "name": "Lunarswift Shoe", "product_description": "Nike Lunarswift Shoe", "sizes": true, "gender": 1, "master_category": 3, "sub_category": 8, "article_type": 13, "image": "1832.jpg"}}, {"model": "products.product", "pk": 59, "fields": {"price": "18.99", "discount_price": "17.99", "sku": "397100-003", "name": "Ballista Shoe", "product_description": "Nike Men's Ballista Shoe", "sizes": true, "gender": 1, "master_category": 3, "sub_category": 8, "article_type": 13, "image": "1833.jpg"}}, {"model": "products.product", "pk": 60, "fields": {"price": "43.99", "discount_price": "38.99", "sku": "395835-005", "name": "Air Visi Sleek Shoe", "product_description": "Nike Air Visi Sleek Shoes", "sizes": true, "gender": 1, "master_category": 3, "sub_category": 8, "article_type": 13, "image": "1836.jpg"}}, {"model": "products.product", "pk": 61, "fields": {"price": "57.99", "discount_price": "51.99", "sku": "10212202", "name": "Calibre Convertible Spike Shoe", "product_description": "Puma Men's Calibre Convertible Spike Shoe", "sizes": true, "gender": 1, "master_category": 3, "sub_category": 8, "article_type": 13, "image": "1841.jpg"}}, {"model": "products.product", "pk": 62, "fields": {"price": "33.99", "discount_price": "30.99", "sku": "10212302", "name": "Calibre Rubber Shoe", "product_description": "Puma Men's Calibre Rubber Shoe", "sizes": true, "gender": 1, "master_category": 3, "sub_category": 8, "article_type": 13, "image": "1842.jpg"}}, {"model": "products.product", "pk": 63, "fields": {"price": "15.95", "discount_price": "13.82", "sku": "BAD1235(Grey)", "name": "Heritage Collection Grey Track Pants", "product_description": "FIFA Mens Heritage Collection Grey Track Pants", "sizes": true, "gender": 1, "master_category": 2, "sub_category": 4, "article_type": 18, "image": "1883.jpg"}}, {"model": "products.product", "pk": 64, "fields": {"price": "15.95", "discount_price": "13.82", "sku": "BAD1235(Old navy)", "name": "Heritage Collection Track Pants", "product_description": "FIFA Mens 1905 Heritage Collection Track Pants", "sizes": true, "gender": 1, "master_category": 2, "sub_category": 4, "article_type": 18, "image": "1884.jpg"}}, {"model": "products.product", "pk": 65, "fields": {"price": "12.99", "discount_price": "11.99", "sku": "BAD1247", "name": "Heritage Shorts", "product_description": "FIFA Mens 1904 Heritage Shorts", "sizes": true, "gender": 1, "master_category": 2, "sub_category": 4, "article_type": 11, "image": "1885.jpg"}}, {"model": "products.product", "pk": 66, "fields": {"price": "9.99", "discount_price": "8.65", "sku": "343486-015", "name": "Classic Black T-shirt", "product_description": "Nike Mens Classic Black T-shirt", "sizes": true, "gender": 1, "master_category": 2, "sub_category": 11, "article_type": 19, "image": "1907.jpg"}}, {"model": "products.product", "pk": 67, "fields": {"price": "9.99", "discount_price": "8.65", "sku": "343486-535", "name": "Classic Sportswear T-shirt", "product_description": "Nike Mens Classic Sportswear T-shirt", "sizes": true, "gender": 1, "master_category": 2, "sub_category": 11, "article_type": 19, "image": "1909.jpg"}}, {"model": "products.product", "pk": 68, "fields": {"price": "12.99", "discount_price": "11.99", "sku": "378581-010", "name": "Classic Patterned T-shirt", "product_description": "Nike Men's Classic Patterned T-shirt", "sizes": true, "gender": 1, "master_category": 2, "sub_category": 11, "article_type": 19, "image": "1910.jpg"}}, {"model": "products.product", "pk": 69, "fields": {"price": "10.00", "discount_price": "8.99", "sku": "380274-493", "name": "Manchester United Blues T-shirt", "product_description": "Nike Mens Manchester United Blues T-shirt", "sizes": true, "gender": 1, "master_category": 2, "sub_category": 11, "article_type": 19, "image": "1911.jpg"}}, {"model": "products.product", "pk": 70, "fields": {"price": "9.99", "discount_price": "8.99", "sku": "393796-103", "name": "Running White T-shirt", "product_description": "Nike Mens Running White T-shirt", "sizes": true, "gender": 1, "master_category": 2, "sub_category": 11, "article_type": 19, "image": "1912.jpg"}}, {"model": "products.product", "pk": 71, "fields": {"price": "9.99", "discount_price": "8.99", "sku": "409215-010", "name": "Seize Victory Black T-shirt", "product_description": "Nike Mens Seize Victory Black T-shirt", "sizes": true, "gender": 1, "master_category": 2, "sub_category": 11, "article_type": 19, "image": "1913.jpg"}}, {"model": "products.product", "pk": 72, "fields": {"price": "6.99", "discount_price": "6.99", "sku": "572904", "name": "Yellow Sipper", "product_description": "Quechua Yellow Sipper", "sizes": false, "gender": 3, "master_category": 1, "sub_category": 1, "article_type": 14, "image": "1915.jpg"}}, {"model": "products.product", "pk": 73, "fields": {"price": "28.99", "discount_price": "25.99", "sku": "34927704", "name": "Game Point Shoes", "product_description": "Puma Men's Game Point Shoes", "sizes": true, "gender": 1, "master_category": 3, "sub_category": 8, "article_type": 13, "image": "1916.jpg"}}, {"model": "products.product", "pk": 74, "fields": {"price": "31.99", "discount_price": "14.99", "sku": "35152501", "name": "White Sneakers", "product_description": "Puma Men White Sneakers", "sizes": true, "gender": 1, "master_category": 3, "sub_category": 8, "article_type": 5, "image": "1917.jpg"}}, {"model": "products.product", "pk": 75, "fields": {"price": "9.99", "discount_price": "8.99", "sku": "1246257", "name": "Blue Bag", "product_description": "Domyos 300 Blue Bag", "sizes": false, "gender": 3, "master_category": 1, "sub_category": 3, "article_type": 1, "image": "1918.jpg"}}, {"model": "products.product", "pk": 76, "fields": {"price": "31.99", "discount_price": "28.99", "sku": "35152506", "name": "Choco Brown Casual Shoes", "product_description": "Puma Men's Choco Brown Casual Shoes", "sizes": true, "gender": 1, "master_category": 3, "sub_category": 8, "article_type": 5, "image": "1919.jpg"}}, {"model": "products.product", "pk": 77, "fields": {"price": "25.99", "discount_price": "23.99", "sku": "35156706", "name": "Graffiti FX Shoes", "product_description": "Puma Men Graffiti FX Shoes", "sizes": true, "gender": 1, "master_category": 3, "sub_category": 8, "article_type": 5, "image": "1920.jpg"}}, {"model": "products.product", "pk": 78, "fields": {"price": "11.99", "discount_price": "10.99", "sku": "1096299", "name": "Running Shoe", "product_description": "Kalenji Women Running Shoe", "sizes": true, "gender": 2, "master_category": 3, "sub_category": 8, "article_type": 13, "image": "1923.jpg"}}, {"model": "products.product", "pk": 79, "fields": {"price": "19.99", "discount_price": "17.99", "sku": "1100876", "name": "Black Bag", "product_description": "Quechua Black Bag", "sizes": false, "gender": 3, "master_category": 1, "sub_category": 3, "article_type": 1, "image": "1925.jpg"}}, {"model": "products.product", "pk": 80, "fields": {"price": "6.99", "discount_price": "5.99", "sku": "1120848", "name": "Navy Blue Bag", "product_description": "Domyos Navy Blue Bag", "sizes": false, "gender": 3, "master_category": 1, "sub_category": 3, "article_type": 1, "image": "1927.jpg"}}, {"model": "products.product", "pk": 81, "fields": {"price": "26.99", "discount_price": "24.99", "sku": "1202192", "name": "Lighweight Black Shoe", "product_description": "Quechua Men's Lighweight Black Shoe", "sizes": true, "gender": 1, "master_category": 3, "sub_category": 8, "article_type": 13, "image": "1929.jpg"}}, {"model": "products.product", "pk": 82, "fields": {"price": "14.99", "discount_price": "12.99", "sku": "1205852", "name": "22L Red Bag", "product_description": "Quechua 22L Red Bag", "sizes": false, "gender": 3, "master_category": 1, "sub_category": 3, "article_type": 1, "image": "1930.jpg"}}, {"model": "products.product", "pk": 83, "fields": {"price": "32.99", "discount_price": "29.99", "sku": "1206410", "name": "Arpenaz Flex Grey Shoe", "product_description": "Quechua Women Arpenaz Flex Grey Shoe", "sizes": true, "gender": 2, "master_category": 3, "sub_category": 8, "article_type": 5, "image": "1932.jpg"}}, {"model": "products.product", "pk": 84, "fields": {"price": "16.99", "discount_price": "14.99", "sku": "1212452", "name": "Arpenaz 20L Dark Grey Bag", "product_description": "Quechua Arpenaz 20L Dark Grey Bag", "sizes": false, "gender": 3, "master_category": 1, "sub_category": 3, "article_type": 1, "image": "1933.jpg"}}, {"model": "products.product", "pk": 85, "fields": {"price": "14.99", "discount_price": "12.95", "sku": "1214508", "name": "22L Blue Bag", "product_description": "Quechua 22L Blue Bag", "sizes": false, "gender": 3, "master_category": 1, "sub_category": 3, "article_type": 1, "image": "1935.jpg"}}, {"model": "products.product", "pk": 86, "fields": {"price": "11.99", "discount_price": "10.99", "sku": "1215898", "name": "Arpenaz 30L Brown Bag", "product_description": "Quechua Arpenaz 30L Brown Bag", "sizes": false, "gender": 3, "master_category": 1, "sub_category": 3, "article_type": 1, "image": "1936.jpg"}}, {"model": "products.product", "pk": 87, "fields": {"price": "19.99", "discount_price": "17.99", "sku": "1246059", "name": "Black Pink Shoe", "product_description": "Kalenji Women Black Pink Shoe", "sizes": true, "gender": 2, "master_category": 3, "sub_category": 8, "article_type": 13, "image": "1937.jpg"}}, {"model": "products.product", "pk": 88, "fields": {"price": "11.99", "discount_price": "10.99", "sku": "1069248", "name": "Large Outdoor Bag", "product_description": "Geonaute Women Large Outdoor Bag", "sizes": false, "gender": 2, "master_category": 1, "sub_category": 3, "article_type": 9, "image": "1939.jpg"}}, {"model": "products.product", "pk": 89, "fields": {"price": "9.99", "discount_price": "8.99", "sku": "1246255", "name": "Brown Bag", "product_description": "Domyos Brown Bag", "sizes": false, "gender": 2, "master_category": 1, "sub_category": 3, "article_type": 9, "image": "1941.jpg"}}, {"model": "products.product", "pk": 90, "fields": {"price": "11.99", "discount_price": "10.99", "sku": "1273148", "name": "Grey Duffle Bag", "product_description": "Domyos Grey Duffle Bag", "sizes": false, "gender": 3, "master_category": 1, "sub_category": 3, "article_type": 6, "image": "1943.jpg"}}, {"model": "products.product", "pk": 91, "fields": {"price": "38.99", "discount_price": "34.55", "sku": "G44601", "name": "Duramo Leather Shoe", "product_description": "ADIDAS Men's Duramo Leather Shoe", "sizes": true, "gender": 1, "master_category": 3, "sub_category": 8, "article_type": 13, "image": "1962.jpg"}}, {"model": "products.product", "pk": 92, "fields": {"price": "24.95", "discount_price": "22.49", "sku": "L11265", "name": "Azaro White Shoe", "product_description": "ADIDAS Men's Azaro White Shoe", "sizes": true, "gender": 1, "master_category": 3, "sub_category": 8, "article_type": 13, "image": "1963.jpg"}}, {"model": "products.product", "pk": 93, "fields": {"price": "11.99", "discount_price": "10.99", "sku": "L12084", "name": "Blue Canvas Shoe", "product_description": "ADIDAS Men's Blue Canvas Shoe", "sizes": true, "gender": 1, "master_category": 3, "sub_category": 8, "article_type": 5, "image": "1964.jpg"}}, {"model": "products.product", "pk": 94, "fields": {"price": "11.99", "discount_price": "10.99", "sku": "1323519", "name": "Short Cargo Shorts", "product_description": "Tribord Mens Short Cargo Shorts", "sizes": true, "gender": 1, "master_category": 2, "sub_category": 4, "article_type": 11, "image": "1976.jpg"}}, {"model": "products.product", "pk": 95, "fields": {"price": "11.99", "discount_price": "10.99", "sku": "1323629", "name": "Grey Cargo Shorts", "product_description": "Tribord Mens Grey Cargo Shorts", "sizes": true, "gender": 1, "master_category": 2, "sub_category": 4, "article_type": 11, "image": "1977.jpg"}}, {"model": "products.product", "pk": 96, "fields": {"price": "12.99", "discount_price": "11.99", "sku": "55785301", "name": "Island Shorts Green", "product_description": "Puma Women's Island Shorts Green", "sizes": true, "gender": 2, "master_category": 2, "sub_category": 4, "article_type": 11, "image": "1981.jpg"}}, {"model": "products.product", "pk": 97, "fields": {"price": "12.99", "discount_price": "11.99", "sku": "55785302", "name": "Island Shorts Purple", "product_description": "Puma Women's Island Shorts Purple", "sizes": true, "gender": 2, "master_category": 2, "sub_category": 4, "article_type": 11, "image": "1982.jpg"}}, {"model": "products.product", "pk": 98, "fields": {"price": "15.99", "discount_price": "13.99", "sku": "80874404", "name": "Grey Track Pants", "product_description": "Puma Men's Grey Track Pants", "sizes": true, "gender": 1, "master_category": 2, "sub_category": 4, "article_type": 18, "image": "1999.jpg"}}, {"model": "products.product", "pk": 99, "fields": {"price": "15.99", "discount_price": "13.99", "sku": "E15056", "name": "Climalite Track Pants", "product_description": "ADIDAS Men's Climalite Track Pants", "sizes": true, "gender": 1, "master_category": 2, "sub_category": 4, "article_type": 18, "image": "2105.jpg"}}, {"model": "products.product", "pk": 100, "fields": {"price": "9.99", "discount_price": "8.99", "sku": "E18017", "name": "Chelsea Striped Black Shorts", "product_description": "ADIDAS Men's Chelsea Striped Black Shorts", "sizes": true, "gender": 1, "master_category": 2, "sub_category": 4, "article_type": 11, "image": "2106.jpg"}}, {"model": "products.product", "pk": 101, "fields": {"price": "6.99", "discount_price": "6.05", "sku": "E18018", "name": "Chelsea Striped Navy Shorts", "product_description": "ADIDAS Men's Chelsea Striped Navy Shorts", "sizes": true, "gender": 1, "master_category": 2, "sub_category": 4, "article_type": 11, "image": "2107.jpg"}}, {"model": "products.product", "pk": 102, "fields": {"price": "6.99", "discount_price": "5.99", "sku": "E18050", "name": "Black Football Shorts", "product_description": "ADIDAS Men's Black Football Shorts", "sizes": true, "gender": 1, "master_category": 2, "sub_category": 4, "article_type": 11, "image": "2108.jpg"}}, {"model": "products.product", "pk": 103, "fields": {"price": "11.99", "discount_price": "10.99", "sku": "L29651", "name": "Slim Fit Lycra Track Pants", "product_description": "ADIDAS Women's Slim Fit Lycra Track Pants", "sizes": true, "gender": 2, "master_category": 2, "sub_category": 4, "article_type": 18, "image": "2109.jpg"}}, {"model": "products.product", "pk": 104, "fields": {"price": "12.95", "discount_price": "11.99", "sku": "L29660", "name": "Sunset Lycra Fit Track Pants", "product_description": "ADIDAS Women's Sunset Lycra Fit Track Pants", "sizes": true, "gender": 2, "master_category": 2, "sub_category": 4, "article_type": 18, "image": "2111.jpg"}}, {"model": "products.product", "pk": 105, "fields": {"price": "8.99", "discount_price": "7.99", "sku": "L39755", "name": "Essential Black Capris", "product_description": "ADIDAS Women's Essential Black Capris", "sizes": true, "gender": 2, "master_category": 2, "sub_category": 4, "article_type": 18, "image": "2112.jpg"}}, {"model": "products.product", "pk": 106, "fields": {"price": "10.99", "discount_price": "9.99", "sku": "L39791", "name": "Essential Black Candy Pants", "product_description": "ADIDAS Women Essential Black Candy Pants", "sizes": true, "gender": 2, "master_category": 2, "sub_category": 4, "article_type": 18, "image": "2114.jpg"}}, {"model": "products.product", "pk": 107, "fields": {"price": "14.99", "discount_price": "12.95", "sku": "P91226", "name": "Black Crest Track Pants", "product_description": "ADIDAS Men's Black Crest Track Pants", "sizes": true, "gender": 1, "master_category": 2, "sub_category": 4, "article_type": 18, "image": "2115.jpg"}}, {"model": "products.product", "pk": 108, "fields": {"price": "13.99", "discount_price": "12.00", "sku": "P91888", "name": "Smooth Striped Track Pants", "product_description": "ADIDAS Men Smooth Striped Track Pants", "sizes": true, "gender": 1, "master_category": 2, "sub_category": 4, "article_type": 18, "image": "2116.jpg"}}, {"model": "products.product", "pk": 109, "fields": {"price": "15.99", "discount_price": "13.99", "sku": "P93760", "name": "Grey Capris", "product_description": "ADIDAS Men Grey Capris", "sizes": true, "gender": 1, "master_category": 2, "sub_category": 4, "article_type": 11, "image": "2117.jpg"}}, {"model": "products.product", "pk": 110, "fields": {"price": "15.99", "discount_price": "13.99", "sku": "P93788", "name": "Foamy Striped Track Pants", "product_description": "ADIDAS Men's Foamy Striped Track Pants", "sizes": true, "gender": 1, "master_category": 2, "sub_category": 4, "article_type": 18, "image": "2118.jpg"}}, {"model": "products.product", "pk": 111, "fields": {"price": "15.99", "discount_price": "13.99", "sku": "E15055", "name": "Lead Light Track Pant", "product_description": "ADIDAS Men Lead Light Track Pant", "sizes": true, "gender": 1, "master_category": 2, "sub_category": 4, "article_type": 18, "image": "2190.jpg"}}, {"model": "products.product", "pk": 112, "fields": {"price": "29.99", "discount_price": "26.99", "sku": "G42983", "name": "Stripe White Run Shoe", "product_description": "ADIDAS Men's Stripe White Run Shoe", "sizes": true, "gender": 1, "master_category": 3, "sub_category": 8, "article_type": 13, "image": "2197.jpg"}}, {"model": "products.product", "pk": 113, "fields": {"price": "17.99", "discount_price": "15.99", "sku": "L39701", "name": "Streaks Blue Shoe", "product_description": "ADIDAS Women Streaks Blue Shoe", "sizes": true, "gender": 2, "master_category": 3, "sub_category": 8, "article_type": 5, "image": "2199.jpg"}}, {"model": "products.product", "pk": 114, "fields": {"price": "16.99", "discount_price": "14.99", "sku": "IN 91111114", "name": "Trek Navy Blue Floater", "product_description": "Puma Men Trek Navy Blue Floater", "sizes": true, "gender": 1, "master_category": 3, "sub_category": 7, "article_type": 10, "image": "2211.jpg"}}, {"model": "products.product", "pk": 115, "fields": {"price": "1.99", "discount_price": "1.72", "sku": "P83668", "name": "Black Socks", "product_description": "ADIDAS Women Black Socks", "sizes": false, "gender": 2, "master_category": 1, "sub_category": 9, "article_type": 12, "image": "2214.jpg"}}, {"model": "products.product", "pk": 116, "fields": {"price": "15.99", "discount_price": "13.99", "sku": "IN 91390001", "name": "Gypsy Olive Sandals", "product_description": "Puma Men Gypsy Olive Sandals", "sizes": true, "gender": 1, "master_category": 3, "sub_category": 7, "article_type": 10, "image": "2215.jpg"}}, {"model": "products.product", "pk": 117, "fields": {"price": "1.99", "discount_price": "1.29", "sku": "P83679", "name": "Pink Socks", "product_description": "ADIDAS Women Pink Socks", "sizes": false, "gender": 2, "master_category": 1, "sub_category": 9, "article_type": 12, "image": "2217.jpg"}}, {"model": "products.product", "pk": 118, "fields": {"price": "29.99", "discount_price": "26.99", "sku": "U44079", "name": "Black Shoe", "product_description": "ADIDAS Men's Black Shoe", "sizes": true, "gender": 1, "master_category": 3, "sub_category": 8, "article_type": 5, "image": "2219.jpg"}}, {"model": "products.product", "pk": 119, "fields": {"price": "11.99", "discount_price": "10.99", "sku": "V00190", "name": "Blue White Backpack", "product_description": "ADIDAS Classic Blue White Backpack", "sizes": false, "gender": 3, "master_category": 1, "sub_category": 3, "article_type": 1, "image": "2221.jpg"}}, {"model": "products.product", "pk": 120, "fields": {"price": "16.99", "discount_price": "14.99", "sku": "91111111", "name": "Trek Olive Green Sandal", "product_description": "Puma Men's Trek Olive Green Sandal", "sizes": true, "gender": 1, "master_category": 3, "sub_category": 7, "article_type": 10, "image": "2224.jpg"}}, {"model": "products.product", "pk": 121, "fields": {"price": "15.99", "discount_price": "13.99", "sku": "IN 91390003", "name": "Gypsy Grey Sandal", "product_description": "Puma Men Gypsy Grey Sandal", "sizes": true, "gender": 1, "master_category": 3, "sub_category": 7, "article_type": 10, "image": "2227.jpg"}}, {"model": "products.product", "pk": 122, "fields": {"price": "2.99", "discount_price": "2.59", "sku": "V35759", "name": "Black Socks", "product_description": "ADIDAS Men Black Socks", "sizes": false, "gender": 1, "master_category": 1, "sub_category": 9, "article_type": 12, "image": "2228.jpg"}}, {"model": "products.product", "pk": 123, "fields": {"price": "15.99", "discount_price": "13.99", "sku": "IN 91390004", "name": "Gypsy Black Sandal", "product_description": "Puma Men Gypsy Black Sandal", "sizes": true, "gender": 1, "master_category": 3, "sub_category": 7, "article_type": 10, "image": "2235.jpg"}}, {"model": "products.product", "pk": 124, "fields": {"price": "8.99", "discount_price": "7.99", "sku": "91115003", "name": "Winglet Grey Navy Flip Flop", "product_description": "Puma Men's Winglet Grey Navy Flip Flop", "sizes": true, "gender": 1, "master_category": 3, "sub_category": 5, "article_type": 7, "image": "2238.jpg"}}, {"model": "products.product", "pk": 125, "fields": {"price": "12.99", "discount_price": "11.99", "sku": "V42464", "name": "Black Backpack", "product_description": "ADIDAS Black Backpack", "sizes": false, "gender": 3, "master_category": 1, "sub_category": 3, "article_type": 1, "image": "2246.jpg"}}, {"model": "products.product", "pk": 126, "fields": {"price": "9.59", "discount_price": "8.50", "sku": "91333401", "name": "Drifter Black Green Flip Flops", "product_description": "Puma Men's Drifter Black Green Flip Flops", "sizes": true, "gender": 1, "master_category": 3, "sub_category": 5, "article_type": 7, "image": "2248.jpg"}}, {"model": "products.product", "pk": 127, "fields": {"price": "11.50", "discount_price": "10.50", "sku": "V42801", "name": "Classic Blue Backpack", "product_description": "ADIDAS Unisex Classic Blue Backpack", "sizes": false, "gender": 3, "master_category": 1, "sub_category": 3, "article_type": 1, "image": "2249.jpg"}}, {"model": "products.product", "pk": 128, "fields": {"price": "8.99", "discount_price": "7.99", "sku": "91115001", "name": "Winglet Red Flip Flop", "product_description": "Puma Mens Winglet Red Flip Flop", "sizes": true, "gender": 1, "master_category": 3, "sub_category": 5, "article_type": 7, "image": "2250.jpg"}}, {"model": "products.product", "pk": 129, "fields": {"price": "8.99", "discount_price": "7.99", "sku": "91115002", "name": "Winglet Brown Flip Flop", "product_description": "Puma Mens Winglet Brown Flip Flop", "sizes": true, "gender": 1, "master_category": 3, "sub_category": 5, "article_type": 7, "image": "2251.jpg"}}, {"model": "products.product", "pk": 130, "fields": {"price": "13.99", "discount_price": "12.99", "sku": "391391-060", "name": "Blue Polo T-shirt", "product_description": "Nike Mens Blue Polo T-shirt", "sizes": true, "gender": 1, "master_category": 2, "sub_category": 11, "article_type": 19, "image": "2260.jpg"}}, {"model": "products.product", "pk": 131, "fields": {"price": "12.99", "discount_price": "11.99", "sku": "BA4297-002", "name": "Grey & Black Backpack", "product_description": "Nike Unisex Grey & Black Backpack", "sizes": false, "gender": 3, "master_category": 1, "sub_category": 3, "article_type": 1, "image": "2261.jpg"}}, {"model": "products.product", "pk": 132, "fields": {"price": "12.99", "discount_price": "11.99", "sku": "BA4297-664", "name": "Tetron Pink Backpack", "product_description": "Nike Unisex Tetron Pink Backpack", "sizes": false, "gender": 3, "master_category": 1, "sub_category": 3, "article_type": 1, "image": "2262.jpg"}}, {"model": "products.product", "pk": 133, "fields": {"price": "14.99", "discount_price": "12.99", "sku": "BA4299-007", "name": "Black Backpack", "product_description": "Nike Black Backpack", "sizes": false, "gender": 3, "master_category": 1, "sub_category": 3, "article_type": 1, "image": "2263.jpg"}}, {"model": "products.product", "pk": 134, "fields": {"price": "14.99", "discount_price": "12.99", "sku": "BA4303-067", "name": "Soleday Black Backpack", "product_description": "Nike Soleday Black Backpack", "sizes": false, "gender": 3, "master_category": 1, "sub_category": 3, "article_type": 1, "image": "2264.jpg"}}, {"model": "products.product", "pk": 135, "fields": {"price": "10.99", "discount_price": "9.99", "sku": "364471-105", "name": "Miller Top T-shirt", "product_description": "Nike Womens Nike Miller Top T-shirt", "sizes": true, "gender": 2, "master_category": 2, "sub_category": 11, "article_type": 19, "image": "2265.jpg"}}, {"model": "products.product", "pk": 136, "fields": {"price": "8.59", "discount_price": "7.99", "sku": "342084-328", "name": "Women T-shirt", "product_description": "Nike Green Women T-shirt", "sizes": true, "gender": 2, "master_category": 2, "sub_category": 11, "article_type": 19, "image": "2266.jpg"}}, {"model": "products.product", "pk": 137, "fields": {"price": "8.59", "discount_price": "7.99", "sku": "342084-682", "name": "Pink Women T-shirt", "product_description": "Nike Pink Women T-shirt", "sizes": true, "gender": 2, "master_category": 2, "sub_category": 11, "article_type": 19, "image": "2267.jpg"}}, {"model": "products.product", "pk": 138, "fields": {"price": "12.99", "discount_price": "11.99", "sku": "343515-063", "name": "Grey Women Sweatshirt", "product_description": "Nike Grey Women Sweatshirt", "sizes": true, "gender": 2, "master_category": 2, "sub_category": 11, "article_type": 15, "image": "2268.jpg"}}, {"model": "products.product", "pk": 139, "fields": {"price": "7.99", "discount_price": "6.99", "sku": "369988-349", "name": "Light Green Women T-shirt", "product_description": "Nike Light Green Women T-shirt", "sizes": true, "gender": 2, "master_category": 2, "sub_category": 11, "article_type": 19, "image": "2269.jpg"}}, {"model": "products.product", "pk": 140, "fields": {"price": "7.99", "discount_price": "6.99", "sku": "369988-652", "name": "JDI Pink Women T-shirt", "product_description": "Nike JDI Pink Women T-shirt", "sizes": true, "gender": 2, "master_category": 2, "sub_category": 11, "article_type": 19, "image": "2270.jpg"}}, {"model": "products.product", "pk": 141, "fields": {"price": "13.99", "discount_price": "12.55", "sku": "391391-600", "name": "Red Polo T-shirt", "product_description": "Nike Mens Red Polo T-shirt", "sizes": true, "gender": 1, "master_category": 2, "sub_category": 11, "article_type": 19, "image": "2271.jpg"}}, {"model": "products.product", "pk": 142, "fields": {"price": "9.99", "discount_price": "8.99", "sku": "391394-478", "name": "Blue Polo T-shirt", "product_description": "Nike Mens Blue Polo T-shirt", "sizes": true, "gender": 1, "master_category": 2, "sub_category": 11, "article_type": 19, "image": "2272.jpg"}}, {"model": "products.product", "pk": 143, "fields": {"price": "9.99", "discount_price": "8.99", "sku": "391394-648", "name": "Red Polo T-shirt", "product_description": "Nike Mens Red Polo T-shirt", "sizes": true, "gender": 1, "master_category": 2, "sub_category": 11, "article_type": 19, "image": "2273.jpg"}}, {"model": "products.product", "pk": 144, "fields": {"price": "7.99", "discount_price": "6.99", "sku": "392542-100", "name": "Mens White T-shirt", "product_description": "Nike Mens AS White T-shirt", "sizes": true, "gender": 1, "master_category": 2, "sub_category": 11, "article_type": 19, "image": "2274.jpg"}}, {"model": "products.product", "pk": 145, "fields": {"price": "12.99", "discount_price": "11.99", "sku": "396073-100", "name": "Challenger Graphic White T-shirt", "product_description": "Nike Mens Challenger Graphic White T-shirt", "sizes": true, "gender": 1, "master_category": 2, "sub_category": 11, "article_type": 19, "image": "2275.jpg"}}, {"model": "products.product", "pk": 146, "fields": {"price": "12.99", "discount_price": "11.99", "sku": "396073-493", "name": "Challenger Graphic Blue T-shirt", "product_description": "Nike Mens Challenger Graphic Blue T-shirt", "sizes": true, "gender": 1, "master_category": 2, "sub_category": 11, "article_type": 19, "image": "2276.jpg"}}, {"model": "products.product", "pk": 147, "fields": {"price": "15.99", "discount_price": "13.99", "sku": "405150-104", "name": "Sphere White T-shirt", "product_description": "Nike Mens Sphere White T-shirt", "sizes": true, "gender": 1, "master_category": 2, "sub_category": 11, "article_type": 19, "image": "2278.jpg"}}, {"model": "products.product", "pk": 148, "fields": {"price": "15.99", "discount_price": "13.99", "sku": "405150-617", "name": "Sphere Red T-shirt", "product_description": "Nike Mens Nike Sphere Red T-shirt", "sizes": true, "gender": 1, "master_category": 2, "sub_category": 11, "article_type": 19, "image": "2279.jpg"}}, {"model": "products.product", "pk": 149, "fields": {"price": "12.99", "discount_price": "11.99", "sku": "405442-609", "name": "Sphere Pink T-shirt", "product_description": "Nike Womens Sphere Pink T-shirt", "sizes": true, "gender": 2, "master_category": 2, "sub_category": 11, "article_type": 19, "image": "2280.jpg"}}, {"model": "products.product", "pk": 150, "fields": {"price": "10.99", "discount_price": "9.99", "sku": "371684-091", "name": "Grey T-shirt", "product_description": "Nike Men Grey T-shirt", "sizes": true, "gender": 1, "master_category": 2, "sub_category": 11, "article_type": 19, "image": "2282.jpg"}}, {"model": "products.product", "pk": 151, "fields": {"price": "10.99", "discount_price": "9.49", "sku": "371684-475-DKOBS/CARB H/(MSLVR)-2283", "name": "Poly Black T-shirt", "product_description": "Nike Men Poly Black T-shirt", "sizes": true, "gender": 1, "master_category": 2, "sub_category": 11, "article_type": 19, "image": "2283.jpg"}}, {"model": "products.product", "pk": 152, "fields": {"price": "10.99", "discount_price": "9.49", "sku": "371684-703", "name": "Yellow T-shirt", "product_description": "Nike Men Yellow T-shirt", "sizes": true, "gender": 1, "master_category": 2, "sub_category": 11, "article_type": 19, "image": "2284.jpg"}}, {"model": "products.product", "pk": 153, "fields": {"price": "11.99", "discount_price": "10.39", "sku": "373523-503", "name": "Lavender T-shirt", "product_description": "Nike Men Lavender T-shirt", "sizes": true, "gender": 1, "master_category": 2, "sub_category": 11, "article_type": 19, "image": "2285.jpg"}}, {"model": "products.product", "pk": 154, "fields": {"price": "19.99", "discount_price": "17.49", "sku": "378535-010", "name": "Black Sweatshirt", "product_description": "Nike Men Black Sweatshirt", "sizes": true, "gender": 1, "master_category": 2, "sub_category": 11, "article_type": 15, "image": "2286.jpg"}}, {"model": "products.product", "pk": 155, "fields": {"price": "12.99", "discount_price": "11.99", "sku": "378581-102", "name": "White T-shirt", "product_description": "Nike Men White T-shirt", "sizes": true, "gender": 1, "master_category": 2, "sub_category": 11, "article_type": 19, "image": "2287.jpg"}}, {"model": "products.product", "pk": 156, "fields": {"price": "13.99", "discount_price": "12.99", "sku": "380936-010", "name": "Black T-shirt", "product_description": "Nike Women Black T-shirt", "sizes": true, "gender": 2, "master_category": 2, "sub_category": 11, "article_type": 19, "image": "2288.jpg"}}, {"model": "products.product", "pk": 157, "fields": {"price": "13.99", "discount_price": "12.99", "sku": "380936-402", "name": "Women Blue T-shirt", "product_description": "Nike Women Blue T-shirt", "sizes": true, "gender": 2, "master_category": 2, "sub_category": 11, "article_type": 19, "image": "2289.jpg"}}, {"model": "products.product", "pk": 158, "fields": {"price": "13.99", "discount_price": "12.99", "sku": "380936-639", "name": "Pink T-shirt", "product_description": "Nike Women SS Pink T-shirt", "sizes": true, "gender": 2, "master_category": 2, "sub_category": 11, "article_type": 19, "image": "2290.jpg"}}, {"model": "products.product", "pk": 159, "fields": {"price": "9.99", "discount_price": "8.99", "sku": "383735-151", "name": "White Polo T-shirt", "product_description": "Nike Men White Polo T-shirt", "sizes": true, "gender": 1, "master_category": 2, "sub_category": 11, "article_type": 19, "image": "2291.jpg"}}, {"model": "products.product", "pk": 160, "fields": {"price": "13.99", "discount_price": "12.99", "sku": "391365-010", "name": "Accuracy Black T-shirt", "product_description": "Nike Women Accuracy Black T-shirt", "sizes": true, "gender": 2, "master_category": 2, "sub_category": 11, "article_type": 19, "image": "2292.jpg"}}, {"model": "products.product", "pk": 161, "fields": {"price": "13.99", "discount_price": "12.99", "sku": "391365-652", "name": "Accuracy Pink T-shirt", "product_description": "Nike Women Accuracy Pink T-shirt", "sizes": true, "gender": 2, "master_category": 2, "sub_category": 11, "article_type": 19, "image": "2293.jpg"}}, {"model": "products.product", "pk": 162, "fields": {"price": "10.99", "discount_price": "9.99", "sku": "364471-688", "name": "Women's Miller Top", "product_description": "Nike Women's Miller Top", "sizes": true, "gender": 2, "master_category": 2, "sub_category": 11, "article_type": 17, "image": "2294.jpg"}}, {"model": "products.product", "pk": 163, "fields": {"price": "9.99", "discount_price": "8.99", "sku": "393814-644", "name": "Women Cruiser Pink T-shirt", "product_description": "Nike Women Cruiser Pink T-shirt", "sizes": true, "gender": 2, "master_category": 2, "sub_category": 11, "article_type": 19, "image": "2295.jpg"}}, {"model": "products.product", "pk": 164, "fields": {"price": "6.99", "discount_price": "6.00", "sku": "397702-010", "name": "Women DPT Black T-shirt", "product_description": "Nike Women DPT Black T-shirt", "sizes": true, "gender": 2, "master_category": 2, "sub_category": 11, "article_type": 19, "image": "2296.jpg"}}, {"model": "products.product", "pk": 165, "fields": {"price": "6.99", "discount_price": "6.00", "sku": "397702-694", "name": "Women DPT Pink T-shirt", "product_description": "Nike Women DPT Pink T-shirt", "sizes": true, "gender": 2, "master_category": 2, "sub_category": 11, "article_type": 19, "image": "2297.jpg"}}, {"model": "products.product", "pk": 166, "fields": {"price": "9.99", "discount_price": "8.99", "sku": "405629-620", "name": "Core Cotton Red T-shirt", "product_description": "Nike Mens Core Cotton Red T-shirt", "sizes": true, "gender": 1, "master_category": 2, "sub_category": 11, "article_type": 19, "image": "2298.jpg"}}, {"model": "products.product", "pk": 167, "fields": {"price": "12.99", "discount_price": "11.99", "sku": "383670-540", "name": "Purple Polo T-shirt", "product_description": "Nike Women Purple Polo T-shirt", "sizes": true, "gender": 2, "master_category": 2, "sub_category": 11, "article_type": 19, "image": "2299.jpg"}}, {"model": "products.product", "pk": 168, "fields": {"price": "12.99", "discount_price": "11.99", "sku": "383670-612", "name": "Pink Polo T-shirt", "product_description": "Nike Women Pink Polo T-shirt", "sizes": true, "gender": 2, "master_category": 2, "sub_category": 11, "article_type": 19, "image": "2300.jpg"}}, {"model": "products.product", "pk": 169, "fields": {"price": "10.99", "discount_price": "9.99", "sku": "405635-100", "name": "Manchester United White T-shirt", "product_description": "Nike Mens Manchester United White T-shirt", "sizes": true, "gender": 1, "master_category": 2, "sub_category": 11, "article_type": 19, "image": "2301.jpg"}}, {"model": "products.product", "pk": 170, "fields": {"price": "8.99", "discount_price": "7.75", "sku": "392413-105", "name": "Women Icon SS White T-shirt", "product_description": "Nike Women Icon SS White T-shirt", "sizes": true, "gender": 2, "master_category": 2, "sub_category": 11, "article_type": 19, "image": "2302.jpg"}}, {"model": "products.product", "pk": 171, "fields": {"price": "8.99", "discount_price": "7.75", "sku": "392413-635", "name": "Women Icon SS Pink T-shirt", "product_description": "Nike Women Icon SS Pink T-shirt", "sizes": true, "gender": 2, "master_category": 2, "sub_category": 11, "article_type": 19, "image": "2303.jpg"}}, {"model": "products.product", "pk": 172, "fields": {"price": "10.99", "discount_price": "9.49", "sku": "405635-650", "name": "Manchester United Red T-shirt", "product_description": "Nike Men's Manchester United Red T-shirt", "sizes": true, "gender": 1, "master_category": 2, "sub_category": 11, "article_type": 19, "image": "2304.jpg"}}, {"model": "products.product", "pk": 173, "fields": {"price": "11.99", "discount_price": "10.99", "sku": "387636-474", "name": "Blue Polo T-shirt", "product_description": "Nike Women Blue Polo T-shirt", "sizes": true, "gender": 2, "master_category": 2, "sub_category": 11, "article_type": 19, "image": "2305.jpg"}}, {"model": "products.product", "pk": 174, "fields": {"price": "9.59", "discount_price": "8.59", "sku": "403973-010", "name": "Women Cuffed Black Capris", "product_description": "Nike Women Cuffed Black Capris", "sizes": true, "gender": 2, "master_category": 2, "sub_category": 4, "article_type": 3, "image": "2306.jpg"}}, {"model": "products.product", "pk": 175, "fields": {"price": "11.99", "discount_price": "10.99", "sku": "387636-535", "name": "Women Purple Polo T-shirt", "product_description": "Nike Women Purple Polo T-shirt", "sizes": true, "gender": 2, "master_category": 2, "sub_category": 11, "article_type": 19, "image": "2307.jpg"}}, {"model": "products.product", "pk": 176, "fields": {"price": "10.99", "discount_price": "9.49", "sku": "364471-402", "name": "Women Miller Blue T-shirt", "product_description": "Nike Women Miller Blue T-shirt", "sizes": true, "gender": 2, "master_category": 2, "sub_category": 11, "article_type": 19, "image": "2309.jpg"}}, {"model": "products.product", "pk": 177, "fields": {"price": "12.99", "discount_price": "11.99", "sku": "405889-636", "name": "Raffel Red T-shirt", "product_description": "Nike Mens Raffel Red T-shirt", "sizes": true, "gender": 1, "master_category": 2, "sub_category": 11, "article_type": 19, "image": "2310.jpg"}}, {"model": "products.product", "pk": 178, "fields": {"price": "8.59", "discount_price": "7.99", "sku": "405936-609", "name": "Pink T-shirt", "product_description": "Nike Womens Pink T-shirt", "sizes": true, "gender": 2, "master_category": 2, "sub_category": 11, "article_type": 19, "image": "2311.jpg"}}, {"model": "products.product", "pk": 179, "fields": {"price": "10.99", "discount_price": "9.49", "sku": "405960-100", "name": "White Polo T-shirt", "product_description": "Nike Mens White Polo T-shirt", "sizes": true, "gender": 1, "master_category": 2, "sub_category": 11, "article_type": 19, "image": "2312.jpg"}}, {"model": "products.product", "pk": 180, "fields": {"price": "14.99", "discount_price": "12.99", "sku": "407445-328", "name": "Green Polo T-shirt", "product_description": "Nike Womens Green Polo T-shirt", "sizes": true, "gender": 2, "master_category": 2, "sub_category": 11, "article_type": 19, "image": "2313.jpg"}}, {"model": "products.product", "pk": 181, "fields": {"price": "9.99", "discount_price": "8.99", "sku": "409894-010", "name": "Mens JDI Black T-shirt", "product_description": "Nike Mens JDI Black T-shirt", "sizes": true, "gender": 1, "master_category": 2, "sub_category": 11, "article_type": 19, "image": "2314.jpg"}}, {"model": "products.product", "pk": 182, "fields": {"price": "9.99", "discount_price": "8.99", "sku": "415335-609", "name": "Womens Cruiser Pink T-shirt", "product_description": "Nike Womens Cruiser Pink T-shirt", "sizes": true, "gender": 2, "master_category": 2, "sub_category": 11, "article_type": 19, "image": "2315.jpg"}}, {"model": "products.product", "pk": 183, "fields": {"price": "5.99", "discount_price": "5.99", "sku": "417260-392", "name": "Mens Athletic Green T-shirt", "product_description": "Nike Mens Athletic Green T-shirt", "sizes": true, "gender": 1, "master_category": 2, "sub_category": 11, "article_type": 19, "image": "2316.jpg"}}, {"model": "products.product", "pk": 184, "fields": {"price": "5.99", "discount_price": "5.99", "sku": "417260-452", "name": "Mens Athletic Navy Blue T-shirt", "product_description": "Nike Men's Athletic Navy Blue T-shirt", "sizes": true, "gender": 1, "master_category": 2, "sub_category": 11, "article_type": 19, "image": "2318.jpg"}}, {"model": "products.product", "pk": 185, "fields": {"price": "34.99", "discount_price": "31.99", "sku": "J82642", "name": "Mens Frisky Attraction Grey Shoe", "product_description": "Reebok Men Frisky Attraction Grey Shoe", "sizes": true, "gender": 1, "master_category": 3, "sub_category": 8, "article_type": 13, "image": "2353.jpg"}}, {"model": "products.product", "pk": 186, "fields": {"price": "5.75", "discount_price": "5.10", "sku": "279008", "name": "Black Bounce Unisex Basketball", "product_description": "ADIDAS Black Bounce Unisex Basketball", "sizes": false, "gender": 3, "master_category": 4, "sub_category": 10, "article_type": 2, "image": "2354.jpg"}}, {"model": "products.product", "pk": 187, "fields": {"price": "7.99", "discount_price": "6.99", "sku": "E42358", "name": "Red Bull Trophy Soccer Unisex Football", "product_description": "ADIDAS Red Bull Trophy Soccer Unisex Football", "sizes": false, "gender": 3, "master_category": 4, "sub_category": 10, "article_type": 8, "image": "2355.jpg"}}, {"model": "products.product", "pk": 188, "fields": {"price": "5.75", "discount_price": "5.19", "sku": "P82170", "name": "Black & White Unisex Basketball", "product_description": "ADIDAS Black & White Unisex Basketball", "sizes": false, "gender": 3, "master_category": 4, "sub_category": 10, "article_type": 2, "image": "2356.jpg"}}, {"model": "products.product", "pk": 189, "fields": {"price": "2.49", "discount_price": "2.15", "sku": "V00133", "name": "White Water Sipper", "product_description": "ADIDAS White Water Sipper", "sizes": false, "gender": 1, "master_category": 1, "sub_category": 1, "article_type": 14, "image": "2357.jpg"}}, {"model": "products.product", "pk": 190, "fields": {"price": "13.99", "discount_price": "13.45", "sku": "E17564", "name": "Red Men Cap", "product_description": "ADIDAS Red Men Cap", "sizes": false, "gender": 1, "master_category": 1, "sub_category": 6, "article_type": 4, "image": "2358.jpg"}}, {"model": "products.product", "pk": 191, "fields": {"price": "13.99", "discount_price": "13.45", "sku": "E17576", "name": "Navy Blue Men Cap", "product_description": "ADIDAS Navy Blue Men Cap", "sizes": false, "gender": 1, "master_category": 1, "sub_category": 6, "article_type": 4, "image": "2359.jpg"}}, {"model": "products.product", "pk": 192, "fields": {"price": "16.99", "discount_price": "16.05", "sku": "P42594", "name": "White Cap", "product_description": "ADIDAS White Cap", "sizes": false, "gender": 3, "master_category": 1, "sub_category": 6, "article_type": 4, "image": "2360.jpg"}}, {"model": "products.product", "pk": 193, "fields": {"price": "16.99", "discount_price": "16.49", "sku": "P93981", "name": "Black Cap", "product_description": "ADIDAS Black Cap", "sizes": false, "gender": 3, "master_category": 1, "sub_category": 6, "article_type": 4, "image": "2362.jpg"}}, {"model": "products.product", "pk": 194, "fields": {"price": "16.99", "discount_price": "16.49", "sku": "V00346", "name": "Black Backpack", "product_description": "ADIDAS Black Backpack", "sizes": false, "gender": 3, "master_category": 1, "sub_category": 3, "article_type": 1, "image": "2363.jpg"}}, {"model": "products.product", "pk": 195, "fields": {"price": "16.99", "discount_price": "16.49", "sku": "V35832", "name": "Blue Cap", "product_description": "ADIDAS Blue Cap", "sizes": false, "gender": 3, "master_category": 1, "sub_category": 6, "article_type": 4, "image": "2364.jpg"}}, {"model": "products.product", "pk": 196, "fields": {"price": "9.99", "discount_price": "8.99", "sku": "V42374", "name": "Pink Women Bag", "product_description": "ADIDAS Pink Women Bag", "sizes": false, "gender": 2, "master_category": 1, "sub_category": 3, "article_type": 9, "image": "2365.jpg"}}, {"model": "products.product", "pk": 197, "fields": {"price": "10.99", "discount_price": "9.59", "sku": "V42535", "name": "Black Girls Backpack", "product_description": "ADIDAS Black Girls Backpack", "sizes": false, "gender": 5, "master_category": 1, "sub_category": 3, "article_type": 1, "image": "2366.jpg"}}, {"model": "products.product", "pk": 198, "fields": {"price": "13.99", "discount_price": "12.99", "sku": "IN 91440004", "name": "Women Commander White Pink Shoe", "product_description": "Puma Women Commander White Pink Shoe", "sizes": true, "gender": 2, "master_category": 3, "sub_category": 8, "article_type": 13, "image": "2489.jpg"}}, {"model": "products.product", "pk": 199, "fields": {"price": "13.99", "discount_price": "12.99", "sku": "IN 91440005", "name": "Women Commander White Blue Shoe", "product_description": "Puma Women Commander White Blue Shoe", "sizes": true, "gender": 2, "master_category": 3, "sub_category": 8, "article_type": 5, "image": "2490.jpg"}}, {"model": "products.product", "pk": 200, "fields": {"price": "9.99", "discount_price": "8.99", "sku": "NU-101 - BK", "name": "Mens Casual Black Canvas Shoe", "product_description": "Numero Uno Men's Casual Black Canvas Shoe", "sizes": true, "gender": 1, "master_category": 3, "sub_category": 8, "article_type": 5, "image": "2498.jpg"}}, {"model": "products.product", "pk": 201, "fields": {"price": "20.99", "discount_price": "18.15", "sku": "NU-101 - DG", "name": "Mens Casual Grey Canvas Shoe", "product_description": "Numero Uno Men's Casual Grey Canvas Shoe", "sizes": true, "gender": 1, "master_category": 3, "sub_category": 8, "article_type": 5, "image": "2499.jpg"}}, {"model": "products.product", "pk": 202, "fields": {"price": "9.59", "discount_price": "8.99", "sku": "NU-101 - N.BL", "name": "Mens Casual Navy Blue Canvas Shoe", "product_description": "Numero Uno Men's Casual Navy Blue Canvas Shoe", "sizes": true, "gender": 1, "master_category": 3, "sub_category": 8, "article_type": 5, "image": "2500.jpg"}}, {"model": "products.product", "pk": 203, "fields": {"price": "9.59", "discount_price": "8.99", "sku": "NU-101 - RED", "name": "Mens Casual Red Canvas Shoe", "product_description": "Numero Uno Men's Casual Red Canvas Shoe", "sizes": true, "gender": 1, "master_category": 3, "sub_category": 8, "article_type": 5, "image": "2501.jpg"}}, {"model": "products.product", "pk": 204, "fields": {"price": "11.99", "discount_price": "10.99", "sku": "NU-103 - BRN", "name": "Mens Casual Brown Canvas Shoe", "product_description": "Numero Uno Men's Casual Brown Canvas Shoe", "sizes": true, "gender": 1, "master_category": 3, "sub_category": 8, "article_type": 5, "image": "2503.jpg"}}, {"model": "products.product", "pk": 205, "fields": {"price": "11.99", "discount_price": "10.99", "sku": "NU-103 - WHT", "name": "Mens Casual White Canvas Shoe", "product_description": "Numero Uno Men's Casual White Canvas Shoe", "sizes": true, "gender": 1, "master_category": 3, "sub_category": 8, "article_type": 5, "image": "2504.jpg"}}, {"model": "products.product", "pk": 206, "fields": {"price": "4.99", "discount_price": "4.58", "sku": "NUF-010 - GRN", "name": "Mens Casual Green Flip Flop", "product_description": "Numero Uno Men's Casual Green Flip Flop", "sizes": true, "gender": 1, "master_category": 3, "sub_category": 5, "article_type": 7, "image": "2543.jpg"}}, {"model": "products.product", "pk": 207, "fields": {"price": "4.99", "discount_price": "4.58", "sku": "NUF-010 - NV", "name": "Mens Casual Blue Flip Flop", "product_description": "Numero Uno Men's Casual Blue Flip Flop", "sizes": true, "gender": 1, "master_category": 3, "sub_category": 5, "article_type": 7, "image": "2544.jpg"}}, {"model": "products.product", "pk": 208, "fields": {"price": "4.99", "discount_price": "4.58", "sku": "NUF-010 - RED", "name": "Mens Casual Red Flip Flop", "product_description": "Numero Uno Men's Casual Red Flip Flop", "sizes": true, "gender": 1, "master_category": 3, "sub_category": 5, "article_type": 7, "image": "2545.jpg"}}, {"model": "products.product", "pk": 209, "fields": {"price": "4.99", "discount_price": "4.58", "sku": "NUF-012 - BK", "name": "Mens Casual Black Graphic Flip Flop", "product_description": "Numero Uno Men's Casual Black Graphic Flip Flop", "sizes": true, "gender": 1, "master_category": 3, "sub_category": 5, "article_type": 7, "image": "2550.jpg"}}, {"model": "products.product", "pk": 210, "fields": {"price": "4.99", "discount_price": "4.58", "sku": "NUF-012 - GRN", "name": "Mens Casual Green Graphic Flip Flop", "product_description": "Numero Uno Men's Casual Green Graphic Flip Flop", "sizes": true, "gender": 1, "master_category": 3, "sub_category": 5, "article_type": 7, "image": "2551.jpg"}}, {"model": "products.product", "pk": 211, "fields": {"price": "4.99", "discount_price": "4.58", "sku": "NUF-012 - NV", "name": "Mens Casual Blue Graphic Flip Flop", "product_description": "Numero Uno Men's Casual Blue Graphic Flip Flop", "sizes": true, "gender": 1, "master_category": 3, "sub_category": 5, "article_type": 7, "image": "2552.jpg"}}, {"model": "products.product", "pk": 212, "fields": {"price": "4.99", "discount_price": "4.58", "sku": "NUF-012 - RED", "name": "Mens Casual Red Graphic Flip Flop", "product_description": "Numero Uno Men's Casual Red Graphic Flip Flop", "sizes": true, "gender": 1, "master_category": 3, "sub_category": 5, "article_type": 7, "image": "2553.jpg"}}]